{
	"class_name" : "PinholeCameraParameters",
	"extrinsic" : 
	[
		0.99703577640388275,
		-0.062757106410987917,
		0.044510742137452111,
		0.0,
		0.031757384691542045,
		0.86261400701637292,
		0.50486487639437783,
		0.0,
		-0.070079448401512326,
		-0.5019547992539537,
		0.86205002779285544,
		0.0,
		-0.21036637040372702,
		5.5209944037215308,
		12.299531453335565,
		1.0
	],
	"intrinsic" : 
	{
		"height" : 600,
		"intrinsic_matrix" : 
		[
			519.6152422706632,
			0.0,
			0.0,
			0.0,
			519.6152422706632,
			0.0,
			599.5,
			299.5,
			1.0
		],
		"width" : 1200
	},
	"version_major" : 1,
	"version_minor" : 0
}